{
    "loss": 0.6589301824569702,
    "accuracy": 0.9148164987564087
}